transfer_id,timestamp,sender_country,recipient_country,sent_ngn_minor,fee_ngn_minor,fx_rate_ngn_to_kes,credited_kes_minor,status
TX-1001,2026-09-25T09:11:00Z,NG,KE,5000000,70000,0.085,419050,settled
TX-1002,2026-09-25T09:12:00Z,NG,KE,1200000,16800,0.0851,100690,settled
TX-1003,2026-09-25T09:13:00Z,NG,KE,9000000,126000,0.0849,753403,settled
TX-1004,2026-09-25T09:14:00Z,NG,KE,250000,3500,0.085,20952,settled
TX-1005,2026-09-25T09:15:00Z,NG,KE,4200000,64800,0.0852,352319,settled
TX-1006,2026-09-25T09:16:00Z,NG,KE,7500000,105000,0.085,628575,settled
TX-1007,2026-09-25T09:17:00Z,NG,KE,3300000,46200,0.0848,250922,settled
TX-1008,2026-09-25T09:18:00Z,NG,KE,680000,9520,0.085,56991,settled
TX-1009,2026-09-25T09:19:00Z,NG,KE,15000000,210000,0.0851,1258629,pending
TX-1010,2026-09-25T09:20:00Z,NG,KE,2100000,29400,0.085,176001,settled
TX-1011,2026-09-25T09:21:00Z,NG,KE,990000,13860,0.085,82972,settled
TX-1012,2026-09-25T09:22:00Z,NG,KE,4800000,67200,0.0849,401815,settled
